Date,Open,High,Low,Close,Volume,RSI,Stochastic Oscillator,SMAs,SMAm,MACD,A/D,Binary,Target,TargetClass,TargetNextClose
2023-06-20,2081.84,2090.88,2063.37,2066.78,11658122.0,59.69847824431966,73.34024896265562,2037.1842857142856,1945.5332,3.3609787232428374,48330063.90203458,1.0,8.920000000000073,1,2076.16
2023-06-23,2068.39,2073.39,2033.22,2035.0,11974508.0,52.9051050686521,20.048289068353927,2060.605,1963.3766,-3.706225112430886,42692508.937723264,1.0,34.179999999999836,1,2068.49
2023-06-26,2034.31,2075.63,2028.62,2068.49,9720902.0,57.76665079180341,45.546364823682765,2064.063571428572,1968.4208,-4.172880400156224,49460539.62183291,1.0,-32.319999999999936,0,2039.34
2023-06-27,2071.66,2081.36,2025.49,2039.34,12003788.0,52.67013826822315,15.52423069835994,2063.056428571429,1972.3922,-6.447327851178372,43408155.37339899,0.0,-3.4099999999998545,0,2045.15
2023-06-28,2048.56,2066.79,2029.44,2045.15,12607948.0,53.54978022687646,20.87709600147415,2063.6878571428574,1976.2098,-7.489873822272543,41406411.55438967,0.0,11.950000000000273,1,2062.11
2023-06-29,2050.16,2067.14,2046.46,2062.11,10765129.0,56.113865307771526,36.50267182605496,2064.4821428571427,1980.215,-6.976997940061651,46934732.15303593,1.0,-5.589999999999691,0,2060.38
2023-06-30,2065.97,2069.97,2043.9,2060.38,15202861.0,55.77564924349342,34.90878938640136,2065.637857142857,1983.4842,-6.692949722106086,50952672.785563976,1.0,21.76000000000022,1,2078.46
2023-07-03,2056.7,2080.92,2055.21,2078.46,13653193.0,58.585077253786295,50.18950161076363,2069.457857142857,1987.116,-5.287734021440549,61993119.40049976,1.0,-24.480000000000018,0,2056.53
2023-07-06,2010.25,2023.01,1989.66,2010.48,18195608.0,46.05431933179642,16.150802885734173,2055.236428571429,1994.3116,-10.599585399641132,42763643.60701415,1.0,25.169999999999845,1,2035.57
2023-07-06,2010.25,2023.01,1989.66,2010.48,18195608.0,46.05431933179642,16.150802885734173,2055.236428571429,1994.3116,-10.599585399641132,42763643.60701415,1.0,25.169999999999845,1,2035.57
2023-07-11,2049.65,2059.27,2044.31,2054.39,13794176.0,53.991402918005086,66.635783405394,2048.422142857143,2002.3912000000005,-6.804740901934856,69526860.49753779,1.0,54.13000000000011,1,2114.5
2023-07-18,2135.81,2161.24,2132.19,2161.24,16058277.0,68.75984416627962,100.0,2076.5457142857144,2024.3136,8.275860969744649,108425341.828407,1.0,5.4900000000002365,1,2171.53
2023-07-18,2135.81,2161.24,2132.19,2161.24,16058277.0,68.75984416627962,100.0,2076.5457142857144,2024.3136,8.275860969744649,108425341.828407,0.0,5.4900000000002365,1,2171.53
2023-07-19,2166.04,2181.78,2160.76,2171.53,14673882.0,69.96290448429002,94.6647928378097,2084.361428571429,2029.3458,9.67799812260077,108788349.375505,1.0,-7.9099999999998545,0,2159.05
2023-07-20,2166.96,2177.81,2154.15,2159.05,12590267.0,66.61237809390087,88.16885280033313,2091.409285714285,2033.888,9.037480456545993,101412985.86662938,1.0,-4.940000000000055,0,2155.56
2023-07-24,2153.33,2178.67,2153.33,2173.8,12678408.0,68.20925814446846,95.84634603372892,2105.292857142857,2043.3204,7.373654964981203,111249380.08822928,0.0,3.9700000000002547,1,2181.76
2023-07-25,2177.79,2187.81,2166.52,2181.76,10732952.0,69.27900685962808,96.94675750693932,2117.1964285714284,2048.143,7.017917186596652,115882345.27752028,0.0,-18.579999999999927,0,2163.91
2023-07-26,2182.49,2185.84,2155.24,2163.91,9283791.0,64.07232069169665,86.64580655975857,2128.155714285714,2052.4446000000003,5.001385473726657,111859369.17752026,0.0,22.549999999999727,1,2189.58
2023-07-27,2167.03,2195.76,2167.03,2189.58,13932958.0,67.81811216408136,96.47220002283348,2139.156428571429,2057.5746,4.815555782369074,119798196.9693752,1.0,5.6899999999996,1,2189.24
2023-07-28,2183.55,2193.03,2172.64,2189.24,11510992.0,67.7174068283429,95.69494882799576,2149.717142857143,2062.5614,4.116043089381677,127029967.81390642,1.0,3.2799999999997453,1,2193.56
2023-07-31,2190.28,2202.3,2186.26,2193.56,17447189.0,68.36028526330024,93.84203480589008,2159.657857142857,2066.5864,3.419242472521873,125463636.63186096,1.0,-4.579999999999927,0,2188.77
2023-08-01,2193.35,2193.77,2174.65,2188.77,13747540.0,66.77249012730022,85.85319949811777,2164.962857142857,2070.2674,2.1714971095664524,132021040.64859731,0.0,-34.539999999999964,0,2142.82
2023-08-02,2177.36,2177.36,2142.82,2142.82,14883443.0,53.85084501650323,37.80844834797176,2166.7692857142856,2073.0426,-1.987845196837384,117137597.64859731,0.0,1.9800000000000182,1,2141.81
2023-08-03,2139.83,2145.01,2120.93,2141.81,13001280.0,53.605290215588326,27.29567307692303,2167.8214285714284,2076.7062,-4.88158395043056,126683387.9476004,0.0,17.409999999999854,1,2169.73
2023-08-04,2152.32,2173.4,2152.32,2169.73,10052286.0,59.15053816525659,59.97296300847975,2170.168571428572,2081.2776,-4.973001217285926,133235494.66676542,1.0,-15.610000000000127,0,2152.17
2023-08-07,2167.78,2168.37,2145.93,2152.17,9919087.0,54.72060495430375,38.39252795870727,2169.5207142857143,2084.6386,-6.194278296773032,128832905.24965332,0.0,-35.49000000000024,0,2113.37
2023-08-08,2148.86,2148.86,2106.44,2113.37,15746204.0,46.44387439375178,7.229292718547702,2165.3664285714285,2087.2982,-9.40107742149955,118231500.57638589,0.0,-2.7100000000000364,0,2096.43
2023-08-08,2148.86,2148.86,2106.44,2113.37,15746204.0,46.44387439375178,7.229292718547702,2165.3664285714285,2087.2982,-9.40107742149955,118231500.57638589,0.0,-2.7100000000000364,0,2096.43
2023-08-09,2099.14,2118.52,2089.72,2096.43,17771305.0,43.36021953244355,5.960206075679529,2160.8935714285712,2090.2992,-12.267776500985327,108741130.05902477,1.0,32.86000000000013,1,2130.58
2023-08-10,2097.72,2143.51,2097.72,2130.58,16696381.0,50.495972982804105,36.29419079765499,2159.1092857142858,2095.0212,-11.48262516959879,116008194.33790648,1.0,-18.769999999999982,0,2105.31
2023-08-11,2124.08,2124.08,2098.84,2105.31,13284271.0,45.88889954425071,13.84793036063252,2154.217142857143,2098.2032,-12.215598037556436,109534480.65724072,1.0,-11.0,0,2087.01
2023-08-11,2124.08,2124.08,2098.84,2105.31,13284271.0,45.88889954425071,13.84793036063252,2154.217142857143,2098.2032,-12.215598037556436,109534480.65724072,1.0,-11.0,0,2087.01
2023-08-14,2098.01,2104.81,2082.18,2087.01,9377568.0,42.84062080477592,4.020979020979327,2147.449285714286,2099.5816,-13.38902715809308,104159886.88967584,0.0,-31.36999999999989,0,2044.35
2023-08-16,2075.72,2075.87,2039.46,2044.35,18511683.0,36.71747879927054,3.0029476787029403,2138.909285714285,2100.0672,-16.30109462057589,90620581.25138956,0.0,-21.949999999999818,0,2021.15
2023-08-17,2043.1,2053.25,2009.19,2021.15,13024982.0,33.88131896808375,6.193361296670306,2126.8785714285714,2099.4214,-18.8712062945171,84666810.5414486,0.0,0.06999999999993634,1,2014.55
2023-08-18,2014.48,2017.46,1997.11,2014.55,13127530.0,33.09806767130739,8.499439543837434,2114.4007142857145,2098.9862,-19.98987268835786,94039931.47019544,0.0,3.9200000000000728,1,2015.21
2023-08-21,2011.29,2024.31,2002.05,2015.21,10659612.0,33.264211530186515,9.203701820400758,2101.6614285714286,2098.2706000000003,-19.631281756217764,95984137.43245968,1.0,-10.660000000000082,0,2009.59
2023-08-22,2020.25,2031.1,2005.48,2009.59,11819458.0,32.523548582054616,6.923717059639391,2088.862857142857,2097.5784,-18.72160374724137,87956870.87508255,0.0,1.099999999999909,1,2012.34
2023-08-23,2011.24,2018.61,1989.0,2012.34,13162916.0,33.30609586583654,12.657266811279776,2079.542857142857,2097.3256,-16.937377691152236,95545218.59949996,0.0,-6.120000000000118,0,2009.58
2023-08-24,2015.7,2036.45,2007.3,2009.58,10166723.0,32.89377703544591,11.160520607375226,2070.0978571428573,2096.0006,-15.01156555789581,86968898.92299908,1.0,3.0700000000001637,1,2000.42
2023-08-25,1997.35,2015.39,1986.05,2000.42,10620373.0,31.500006866755783,7.8817463799912915,2058.0042857142857,2094.0622,-13.472182922727484,86751713.38107683,1.0,28.720000000000027,1,2039.32
2023-08-29,2041.9,2050.43,2029.79,2042.08,12644490.0,43.32239058252327,35.583640289597284,2044.8514285714284,2091.853,-5.616076953208207,99289204.99487336,0.0,6.930000000000064,1,2049.96
2023-08-31,2049.89,2054.96,2026.67,2027.38,27831620.0,40.80839710592007,29.94276606534823,2034.1607142857144,2090.541,-1.506669596775705,76728902.41940144,0.0,26.049999999999955,1,2050.94
2023-09-01,2024.89,2055.37,2022.35,2050.94,14560369.0,46.827306002874174,54.63960929605937,2030.277142857143,2090.0496000000003,0.8418471306773725,87382400.75495578,1.0,-24.54000000000019,0,2025.59
2023-09-04,2050.13,2062.39,2023.74,2025.59,14490208.0,41.89136925325077,44.021376085504336,2025.89,2089.8614,0.8532770981132742,74279353.6760424,1.0,-16.279999999999973,0,2006.27
2023-09-05,2022.55,2044.26,2004.34,2006.27,13740483.0,38.55577164506988,26.48676971443549,2023.17,2088.617,-0.2178570948009941,61867484.51321678,0.0,-35.37000000000012,0,1958.07
2023-09-06,1993.44,2000.36,1942.27,1958.07,25918192.0,31.76109022483145,13.153513153513128,2018.6642857142856,2086.9916,-3.753928496979416,50048360.6350966,0.0,-27.569999999999936,0,1927.39
2023-09-07,1954.96,1963.05,1909.86,1927.39,20120851.0,28.33783438460021,11.492821084376978,2012.4385714285715,2084.6364,-7.522966649700031,43190097.26547839,1.0,9.099999999999909,1,1943.99
2023-09-11,1951.85,1965.45,1935.43,1941.79,13451525.0,32.30007840981786,20.93358683537669,2002.508571428572,2079.9022,-8.100046303197914,45860549.20341686,1.0,4.589999999999918,1,1949.57
2023-09-12,1944.98,1953.48,1934.03,1949.57,19746973.0,34.389822937862306,26.034222775847404,1998.025,2077.3244,-6.849765059378917,57668122.26202854,1.0,1.3700000000001182,1,1949.65
2023-09-13,1948.28,1956.91,1937.35,1949.65,20185326.0,34.41224228120777,26.08667147446417,1993.7442857142853,2075.1868,-5.423566754597509,62869249.20681396,1.0,13.1099999999999,1,1967.77
2023-09-13,1948.28,1956.91,1937.35,1949.65,20185326.0,34.41224228120777,26.08667147446417,1993.7442857142853,2075.1868,-5.423566754597509,62869249.20681396,0.0,13.1099999999999,1,1967.77
2023-09-14,1954.66,1967.77,1948.35,1967.77,18693837.0,39.45837471027726,37.96630171113885,1991.412142857143,2074.24,-2.798238654923118,81563086.20681396,0.0,1.1699999999998454,1,1975.05
2023-09-18,1974.14,1981.45,1941.76,1943.94,13778179.0,36.0621880239645,22.34314561069964,1979.811428571429,2071.6988,-0.3185178661694507,44385771.76234751,0.0,-20.38000000000011,0,1930.86
2023-09-19,1951.24,1954.49,1924.07,1930.86,16080549.0,34.070349864551886,13.767783386874717,1971.304285714286,2069.4882,-0.884656417627383,35483850.48818572,1.0,42.710000000000036,1,1975.57
2023-09-25,1947.24,1957.09,1918.15,1925.22,15655182.0,37.03816883568866,16.972375690607876,1949.12,2057.2102,1.4600617468683232,42769707.971301824,1.0,6.830000000000155,1,1928.42
2023-09-26,1921.59,1936.37,1900.4,1928.42,15370542.0,37.86616125051611,31.557607838720568,1947.0021428571429,2053.0412,1.1376427170356038,51345931.98965056,1.0,-29.089999999999918,0,1898.92
2023-09-27,1928.01,1932.96,1898.92,1898.92,13082707.0,33.4933180724596,0.0,1944.9685714285715,2047.7948,-0.7278654814639012,38263224.98965056,1.0,-11.900000000000091,0,1884.74
2023-09-28,1896.64,1903.33,1873.38,1884.74,30618353.0,31.6040472258708,9.809170192556692,1940.7364285714284,2042.059,-2.4834134915567745,30871883.01335668,1.0,24.809999999999945,1,1915.6
2023-09-29,1890.79,1926.94,1890.79,1915.6,22627015.0,39.590365787102535,36.45626457128039,1938.865714285714,2037.19,-1.198004078206555,39303028.02165528,1.0,-43.98000000000002,0,1873.32
2023-10-02,1917.3,1917.3,1873.32,1873.32,16635343.0,33.77204884735376,0.0,1933.4192857142857,2031.5452,-2.7388581884622383,22667685.021655284,1.0,-6.8400000000001455,0,1864.31
2023-10-03,1871.15,1881.62,1854.48,1864.31,20451084.0,32.67017023453627,7.297156855467244,1927.3235714285715,2025.3554,-3.8409293158509072,17031203.50654839,0.0,21.439999999999827,1,1879.35
2023-10-04,1857.91,1901.68,1843.38,1879.35,22577547.0,36.40042332170014,24.669089911528573,1921.007857142857,2019.3072,-3.0666383109681448,22313497.5216426,1.0,-19.87999999999988,0,1864.65
2023-10-05,1884.53,1893.3,1864.65,1864.65,19196269.0,34.394676149753224,15.405229231549209,1913.122142857143,2013.322,-3.0478173195934346,3117228.5216425955,0.0,5.150000000000091,1,1870.43
2023-10-06,1865.28,1889.89,1852.68,1870.43,34993155.0,35.89052314773673,19.913133097762053,1907.8714285714284,2006.9390000000003,-2.189564577100328,1509104.4944993218,0.0,40.36000000000013,1,1909.41
2023-10-06,1865.28,1889.89,1852.68,1870.43,34993155.0,35.89052314773673,19.913133097762053,1907.8714285714284,2006.9390000000003,-2.189564577100328,1509104.4944993218,1.0,40.36000000000013,1,1909.41
2023-10-09,1869.05,1919.4,1854.01,1909.41,23136281.0,44.99848894901539,48.60865724381626,1906.3392857142856,2001.3424,1.2735735968626614,17576064.583350834,1.0,40.37000000000012,1,1960.21
2023-10-10,1919.84,1965.66,1919.84,1960.21,25818178.0,54.142137534465526,95.54301602878635,1905.2421428571429,1996.6754,6.939282123090194,37252423.72259131,0.0,13.970000000000027,1,1976.83
2023-10-11,1962.86,1988.44,1956.18,1976.83,31757020.0,56.67954330164781,91.99641527643723,1907.19,1992.4366,11.49140949523575,46151477.06419056,1.0,-19.12999999999988,0,1960.94
2023-10-12,1980.07,1985.3,1956.34,1960.94,31389565.0,53.62450291590213,81.04232731283606,1908.025,1988.799,13.006032237347783,24733735.19954996,1.0,15.599999999999909,1,1974.56
2023-10-13,1958.96,1986.47,1951.77,1974.56,21731800.0,55.8225122016763,90.43154556735136,1911.5492857142856,1985.454,14.391022777602409,31547625.22836832,0.0,69.51999999999975,1,2079.49
2023-10-16,2009.97,2099.3,2009.97,2079.49,56000435.0,68.29134939451923,92.25929978118148,1922.34,1983.6492,21.416549703692997,62710522.61838241,1.0,41.04999999999973,1,2118.37
2023-10-17,2077.32,2150.76,2076.66,2118.37,38033945.0,71.50105359177134,89.4625544928101,1938.015,1982.9732,27.345196486424424,67494279.26345646,1.0,-16.61999999999989,0,2094.62
2023-10-18,2111.24,2130.64,2091.92,2094.62,35973845.0,67.03705337306268,81.73596200143135,1953.0064285714288,1982.5982,28.21632506536558,36537447.77068756,1.0,-34.36000000000013,0,2051.4
2023-10-19,2085.76,2085.76,2047.77,2051.4,25365378.0,59.72898304166288,67.67519031817292,1962.7064285714284,1981.6976,24.56499258807133,16019467.619595282,0.0,-11.720000000000027,0,2028.92
2023-10-20,2040.64,2049.22,2019.23,2028.92,19866460.0,56.29160229473468,60.36176719370157,1973.820714285714,1979.6644,19.53806777784244,8991020.117094614,1.0,-9.409999999999854,0,2021.14
2023-10-23,2030.55,2040.92,2015.1,2021.14,16261051.0,55.10954822131802,57.83069815863099,1985.0228571428568,1977.981,14.80605649764282,337772.99315987155,1.0,31.320000000000164,1,2059.53
2023-10-24,2028.21,2076.43,2028.21,2059.53,24388044.0,59.61592099750286,69.39412238325284,1997.892857142857,1977.4314,13.419666695972904,7630920.950024541,0.0,33.07999999999993,1,2096.22
2023-10-25,2063.14,2105.22,2058.24,2096.22,24066190.0,63.397697249452655,81.70289855072451,2014.4335714285717,1978.4688,14.063848302481375,22476348.497917265,1.0,40.590000000000146,1,2120.96
2023-10-25,2063.14,2105.22,2058.24,2096.22,24066190.0,63.397697249452655,81.70289855072451,2014.4335714285717,1978.4688,14.063848302481375,22476348.497917265,1.0,40.590000000000146,1,2120.96
2023-10-26,2080.37,2124.94,2060.12,2120.96,20711828.0,65.72824828253424,89.9578770008424,2032.3285714285716,1980.465,15.152308226931403,40644730.78856829,1.0,-18.65000000000009,0,2103.73
2023-10-27,2122.38,2131.8,2100.9,2103.73,16329613.0,62.73244897558881,79.63363935562094,2046.2085714285715,1982.2486,13.74921180025814,27306237.839700885,1.0,17.859999999999673,1,2126.47
2023-10-30,2108.61,2137.81,2108.61,2126.47,15917983.0,64.999811221789,87.79335645007268,2058.0842857142857,1984.4738,13.37746354328106,30860527.19449517,1.0,19.9699999999998,1,2149.73
2023-10-31,2129.76,2169.08,2124.23,2149.73,24550308.0,67.19813912246096,91.09566978049794,2070.434285714286,1987.2766,13.674327236238277,34226957.38847516,0.0,-5.380000000000109,0,2158.41
2023-11-02,2163.79,2181.6,2141.35,2158.41,23645108.0,68.00572561836475,89.90993342905622,2084.5392857142856,1990.198,13.41307376465486,30625851.499282543,0.0,15.5,1,2177.29
2023-11-03,2161.79,2187.38,2155.56,2177.29,20128393.0,69.75025858439906,94.31260921030372,2099.02,1993.5522,13.436067668189736,37988972.005882055,1.0,0.7400000000002365,1,2186.01
2023-11-07,2179.91,2191.06,2154.48,2168.12,16292337.0,66.66008128653776,81.18202557164825,2110.182142857143,1999.84,10.460659057530222,30086250.310079496,0.0,-24.920000000000073,0,2140.2
2023-11-08,2165.12,2170.7,2134.8,2140.2,15833450.0,61.00792690397703,66.36956867738328,2113.4378571428574,2001.8024000000005,6.166846378415947,19016066.60534385,0.0,17.269999999999982,1,2170.91
2023-11-09,2153.64,2172.27,2130.08,2170.91,19075784.0,64.56676378071813,82.66221019682729,2121.974285714285,2004.2214,4.699079868839654,36862029.9729664,0.0,-24.659999999999854,0,2141.09
2023-11-10,2165.75,2169.03,2135.65,2141.09,14654587.0,58.94123331329816,66.84174226749434,2129.986428571429,2006.4956,1.2059737500882406,26984012.971768104,0.0,-14.430000000000291,0,2132.7
2023-11-13,2147.13,2164.92,2130.91,2132.7,18679333.0,57.42524340020154,59.57919945261701,2137.955,2008.1308,-2.008597726024064,10270925.55071542,0.0,98.56999999999971,1,2236.12
2023-11-14,2137.55,2241.24,2137.55,2236.12,26528502.0,68.26171327322955,97.20218579234978,2150.5685714285714,2012.3414,2.259955056330803,34179581.27354313,1.0,-22.420000000000073,0,2218.61
2023-11-15,2241.03,2264.9,2213.47,2218.61,27299827.0,65.23425839062597,77.39525344271905,2159.3107142857143,2016.5882,3.2723995811992594,12336534.782195982,0.0,1.569999999999709,1,2217.16
2023-11-16,2215.59,2239.37,2208.37,2217.16,31370144.0,64.97726116409328,70.89024390243888,2166.182142857143,2021.77,3.2083577369240786,-1243701.7494169958,1.0,12.980000000000018,1,2228.28
2023-11-20,2228.8,2269.24,2226.91,2250.55,22235730.0,68.23940566441303,87.1112337080204,2183.941428571429,2033.919,4.105714148174727,16877626.863134675,1.0,-7.770000000000437,0,2240.99
2023-11-22,2237.93,2245.89,2226.39,2241.16,15162106.0,66.30765031663034,79.82178787007764,2196.3707142857143,2045.7348,2.240399133047852,20883796.05401575,1.0,-17.559999999999945,0,2225.6
2023-11-27,2226.59,2231.31,2196.75,2208.05,15823961.0,58.79239516425684,56.02903133084244,2205.6735714285714,2061.1186,-4.516496091103036,5888397.391281969,0.0,35.80000000000018,1,2239.69
2023-12-01,2215.16,2287.62,2215.16,2285.98,20060199.0,66.97104047380466,98.90717665089632,2232.7064285714287,2084.3872,-3.4862464959807227,6235286.286155604,1.0,-0.650000000000091,0,2281.04
2023-12-04,2281.69,2299.96,2273.8,2281.04,12961160.0,65.90563196911386,81.66844298033129,2235.915,2091.023,-1.7729759229195352,448346.34731750656,1.0,24.220000000000255,1,2298.78
2023-12-05,2274.56,2316.04,2273.02,2298.78,19136348.0,67.88166194222697,85.53105876435596,2241.6414285714286,2098.4942,0.1201955762066617,4229354.204128496,1.0,7.529999999999745,1,2309.81
2023-12-06,2302.28,2329.05,2297.34,2309.81,20036714.0,69.0815352290437,85.45729402872244,2248.259285714286,2106.1220000000003,1.598391837980273,-48430.5256100269,0.0,-14.139999999999873,0,2288.84
2023-12-07,2302.98,2303.44,2270.2,2288.84,13681706.0,64.17310130403249,69.60695389266819,2252.585,2113.9204,0.693191869257177,1614448.3023083045,1.0,15.200000000000273,1,2306.05
2023-12-08,2290.85,2316.02,2290.85,2306.05,14582525.0,66.29003104487931,82.61526832955407,2256.549285714286,2122.3466,0.7765558755189303,4644508.125510795,0.0,5.120000000000346,1,2313.32
2023-12-15,2318.2,2365.67,2311.98,2320.45,67697404.0,66.23311934043457,72.04846087279009,2284.727142857143,2165.168,-1.9121057168901103,-64418709.29866926,1.0,16.5300000000002,1,2334.5
2023-12-18,2317.97,2340.17,2314.36,2334.5,17243198.0,68.17959382696174,80.65176908752322,2291.4992857142856,2174.4494,-1.2238834925229796,-54751561.87286542,0.0,19.950000000000273,1,2354.57
2023-12-19,2334.62,2372.3,2329.22,2354.57,18940374.0,70.7715041457687,88.71706758304698,2300.9371428571426,2183.3526,0.1557401932338535,-51401384.29904915,1.0,-11.740000000000236,0,2346.52
2023-12-21,2333.32,2355.14,2329.78,2348.67,16619821.0,68.6723551186323,71.2068965517242,2314.7914285714287,2198.5156,-0.1979290006991121,-54804415.3179664,0.0,1.5399999999999636,1,2346.7
2023-12-27,2348.85,2378.32,2348.85,2371.28,13649734.0,71.62979480028952,91.7241379310346,2324.6600000000003,2214.1652,-0.1155698915405167,-46543477.78690303,1.0,-18.059999999999945,0,2356.32
2023-12-28,2374.38,2380.55,2356.32,2356.32,11537636.0,66.69825098452847,78.04259175351162,2327.9821428571427,2219.7018000000003,-0.9684823380252824,-58081113.78690303,1.0,-13.850000000000364,0,2342.99
2024-01-03,2300.34,2305.71,2264.17,2295.12,20767399.0,50.33950148098155,26.593916480494748,2330.361428571429,2233.2444,-9.52060532024501,-60178358.81282207,1.0,-12.909999999999854,0,2282.23
2024-01-04,2295.14,2295.14,2263.57,2282.23,18611762.0,47.480222966715495,15.951444691400113,2329.545,2238.3106,-12.056565271356838,-56788506.69055406,0.0,5.050000000000182,1,2274.59
2024-01-05,2269.54,2281.04,2230.94,2274.59,15961824.0,45.81903560252319,29.175857228794904,2327.8507142857143,2243.3796,-13.823687757566333,-44936613.42109288,0.0,11.370000000000346,1,2279.86
2024-01-08,2268.49,2283.34,2237.93,2279.86,15212783.0,47.19153250717112,32.69834904083954,2325.5150000000003,2247.7862,-14.160889314343097,-32055496.78709155,1.0,-2.350000000000364,0,2288.2
2024-01-09,2290.55,2294.56,2267.41,2288.2,15720437.0,49.37703998596665,38.27284272441663,2323.2114285714283,2251.6258,-13.355971712797434,-23700214.801456317,0.0,-15.940000000000055,0,2270.82
2024-01-10,2286.76,2299.77,2264.61,2270.82,15802065.0,45.18070508013684,26.655972194372083,2318.662857142857,2254.623,-13.48834041229756,-33920321.687121786,0.0,-33.7199999999998,0,2246.21
2024-01-11,2279.93,2287.65,2242.88,2246.21,19924196.0,39.99722455535627,10.206536996190074,2310.922857142857,2257.4726,-14.631902074274764,-50880587.70365077,1.0,-0.2600000000002183,0,2248.58
2024-01-12,2248.84,2270.94,2239.41,2248.58,17900481.0,40.70276887102285,11.790655704832467,2303.927142857143,2259.9148,-14.594162868745752,-58368927.20222355,1.0,-33.07999999999993,0,2216.01
2024-01-12,2248.84,2270.94,2239.41,2248.58,17900481.0,40.70276887102285,11.790655704832467,2303.927142857143,2259.9148,-14.594162868745752,-58368927.20222355,0.0,-33.07999999999993,0,2216.01
2024-01-16,2208.87,2215.07,2187.87,2208.54,12186484.0,33.44500402537601,10.727631305792007,2284.5828571428574,2262.2430000000004,-16.63598100720211,-59765987.9223924,0.0,-33.340000000000146,0,2167.71
2024-01-16,2208.87,2215.07,2187.87,2208.54,12186484.0,33.44500402537601,10.727631305792007,2284.5828571428574,2262.2430000000004,-16.63598100720211,-59765987.9223924,0.0,-33.340000000000146,0,2167.71
2024-01-17,2201.05,2201.05,2161.56,2167.71,20596729.0,27.688654098969536,2.808347413123925,2270.042142857143,2262.0514,-18.815190286371152,-73947427.81882182,1.0,20.990000000000236,1,2191.26
2024-01-18,2170.27,2194.2,2170.27,2191.26,17989566.0,34.6726967026184,14.456072036992085,2258.252142857142,2262.1564000000003,-17.705058192058004,-60378198.13641423,0.0,2.4400000000000546,1,2200.91
2024-01-22,2212.23,2223.04,2195.82,2205.03,16121392.0,38.4991089511667,30.15608740894917,2241.076428571429,2264.1088,-12.882725480390874,-68856786.22897178,0.0,-14.38000000000011,0,2196.27
2024-01-23,2210.65,2215.66,2175.62,2196.27,14666559.0,36.93870851130966,25.11395702192318,2234.0157142857142,2264.616,-11.073060279731305,-68395251.15554513,1.0,16.41000000000031,1,2213.36
2024-01-24,2196.95,2225.62,2195.66,2213.36,16675294.0,41.8872734968776,37.4791983213951,2229.0964285714285,2266.0614,-8.15075616609293,-65367427.41188664,0.0,-7.510000000000218,0,2206.18
2024-01-26,2200.87,2226.41,2191.67,2223.47,13770396.0,45.31364596659352,44.794153823891065,2220.182142857143,2267.278,-3.42210451958438,-52723812.24833358,0.0,-5.329999999999927,0,2213.17
2024-01-29,2218.5,2224.08,2207.42,2213.17,11338365.0,43.05799201340116,37.34172635844013,2214.822857142857,2267.1692000000003,-1.9923188595998556,-56235574.75733712,1.0,19.610000000000127,1,2235.83
2024-01-31,2235.89,2282.25,2233.6,2279.86,18811692.0,58.27584797654225,98.0197199436574,2214.727142857143,2268.5742,5.189684335771332,-27654784.64860904,0.0,35.0300000000002,1,2306.07
2024-02-02,2314.21,2366.31,2314.21,2350.44,22403766.0,68.5639291041113,92.2490842490843,2228.4357142857143,2271.8736,14.828210335710711,-6957269.1253911685,0.0,-21.5600000000004,0,2329.72
2024-02-07,2336.86,2351.35,2329.47,2347.31,12303686.0,65.94144989198551,84.58052120794122,2259.9885714285715,2278.1632,16.495613769952865,-25435998.0336316,0.0,-29.91000000000031,0,2318.89
2024-02-08,2348.8,2355.29,2312.48,2318.89,11840601.0,58.95767977202919,70.57983151879394,2268.4157142857143,2280.38,13.945686104445176,-33730780.18710049,1.0,-8.480000000000018,0,2309.39
2024-02-12,2313.8,2355.07,2303.44,2345.13,16267950.0,62.38872032511362,82.09051032416818,2286.502857142857,2284.2278,10.720030836049643,-29499017.520575702,0.0,-42.32999999999993,0,2300.09
2024-02-13,2342.42,2349.62,2289.79,2300.09,24884186.0,53.06158063959823,57.99721835883173,2292.697857142857,2285.9246,7.03381150115009,-45815357.42998554,1.0,47.0300000000002,1,2347.65
2024-02-14,2300.62,2347.65,2298.55,2347.65,14410447.0,59.88198316987445,83.43853642880067,2302.802857142857,2287.158,7.274319042790072,-31404910.429985534,1.0,-8.0300000000002,0,2345.75
2024-02-16,2346.91,2390.06,2346.91,2371.05,13966277.0,62.82209662021538,89.27019247050869,2322.8142857142857,2289.8976,7.598191545047268,-30059547.4179982,1.0,22.40000000000009,1,2387.94
2024-02-16,2346.91,2390.06,2346.91,2371.05,13966277.0,62.82209662021538,89.27019247050869,2322.8142857142857,2289.8976,7.598191545047268,-30059547.4179982,1.0,22.40000000000009,1,2387.94
2024-02-19,2365.54,2394.8,2365.54,2387.94,9809872.0,64.88709793770218,95.74441687344904,2333.679285714285,2291.4602,8.619201711720788,-24849519.70507959,1.0,36.09999999999991,1,2423.18
2024-02-19,2365.54,2394.8,2365.54,2387.94,9809872.0,64.88709793770218,95.74441687344904,2333.679285714285,2291.4602,8.619201711720788,-24849519.70507959,0.0,36.09999999999991,1,2423.18
2024-02-20,2387.08,2428.85,2380.27,2423.18,18284494.0,68.78307581263559,96.73387096774192,2343.9164285714287,2294.147,10.871748027086728,-10833164.07395573,0.0,-15.430000000000291,0,2411.43
2024-02-21,2426.86,2443.12,2410.03,2411.43,16256065.0,66.14764981646492,79.3321593947694,2351.442142857143,2296.2546,10.754544205950982,-25713678.09178624,1.0,15.019999999999982,1,2447.32
2024-02-23,2453.29,2494.74,2451.11,2476.82,19900731.0,72.6467355969596,91.25640400097603,2368.869285714285,2302.5978,14.04647894140863,-15199728.337405331,0.0,-13.399999999999636,0,2464.05
2024-02-26,2477.45,2483.49,2462.85,2464.05,13754739.0,69.71695523044113,85.02561600390358,2378.285714285714,2305.9126,13.375306406234088,-27355079.081591003,1.0,-8.110000000000127,0,2457.83
2024-02-27,2465.94,2489.6,2450.18,2457.83,18036437.0,68.27267961165705,81.99072944620644,2386.1800000000003,2308.818,11.532484832797271,-38391072.49711605,1.0,-46.23999999999978,0,2412.0
2024-02-28,2458.24,2458.24,2408.94,2412.0,18781940.0,58.6342324971714,59.62917784825574,2392.8307142857147,2310.649,6.4977975632562135,-54841461.32470228,1.0,4.139999999999873,1,2418.1
2024-02-29,2413.96,2446.47,2412.88,2418.1,55290322.0,59.45470725001717,62.60551353988781,2400.5957142857146,2312.321,3.025678825241826,-92947175.95107968,0.0,-5.690000000000055,0,2424.7
2024-02-29,2413.96,2446.47,2412.88,2418.1,55290322.0,59.45470725001717,62.60551353988781,2400.5957142857146,2312.321,3.025678825241826,-92947175.95107968,1.0,-5.690000000000055,0,2424.7
2024-03-01,2430.39,2441.0,2404.79,2424.7,18030139.0,60.37059133190871,65.82581117345693,2406.279285714286,2313.7236000000003,0.7399746702907635,-91149639.30954434,1.0,-34.81999999999971,0,2398.38
2024-03-05,2390.39,2390.39,2363.32,2367.74,19233303.0,49.53952385676955,22.908826028893916,2414.735,2315.1422,-7.170903108516562,-118992451.508915,0.0,2.3099999999999454,1,2371.37
2024-03-06,2369.06,2382.38,2359.61,2371.37,14489024.0,50.17397682582237,16.546032605019313,2416.565,2315.6356,-9.663454863928948,-118515210.92920516,0.0,-24.820000000000164,0,2336.23
2024-03-07,2361.05,2361.05,2318.18,2336.23,16997867.0,44.35945379130719,10.223153602175003,2414.077857142857,2314.9346,-13.290719748604843,-121199502.03230752,0.0,14.63000000000011,1,2351.65
2024-03-08,2337.02,2353.91,2308.05,2351.65,20401587.0,47.24839401859563,23.35422357919546,2411.4857142857145,2314.8412,-14.182140299266134,-102808712.52990872,1.0,22.25,1,2370.39
2024-03-08,2337.02,2353.91,2308.05,2351.65,20401587.0,47.24839401859563,23.35422357919546,2411.4857142857145,2314.8412,-14.182140299266134,-102808712.52990872,0.0,22.25,1,2370.39
2024-03-11,2348.14,2370.39,2340.36,2370.39,13265697.0,50.60499778140839,33.392254539611024,2407.715,2315.3892,-13.067858274842884,-89543015.52990872,0.0,50.690000000000055,1,2425.09
2024-03-11,2348.14,2370.39,2340.36,2370.39,13265697.0,50.60499778140839,33.392254539611024,2407.715,2315.3892,-13.067858274842884,-89543015.52990872,0.0,50.690000000000055,1,2425.09
2024-03-12,2374.4,2428.05,2364.45,2425.09,22585522.0,58.83807978057577,62.69216347956517,2408.690714285714,2317.8228,-8.43018575500906,-69059793.69091502,1.0,-14.7800000000002,0,2408.31
2024-03-13,2423.09,2435.83,2398.1,2408.31,20086275.0,55.76730206935731,53.70400128555358,2405.904285714286,2320.0866,-6.369707300049093,-78275097.69966134,1.0,1.7799999999997453,1,2412.33
2024-03-15,2411.5,2422.1,2310.02,2350.97,72844908.0,46.25343836128969,23.640870283668235,2393.220714285714,2324.2162,-7.500393612557904,-98621617.61476,1.0,-1.7400000000002365,0,2350.87
2024-03-18,2352.61,2375.89,2330.69,2350.87,17958198.0,46.238891734564056,28.510553299154285,2385.5807142857143,2325.6364,-9.049768586352188,-100544575.09971584,0.0,-16.860000000000127,0,2335.74
2024-03-19,2352.6,2359.36,2297.85,2335.74,19423586.0,43.98493370314454,25.494549858699973,2380.1335714285715,2326.5872,-10.66650297138018,-96038404.19709854,0.0,-1.1199999999998909,0,2341.35
2024-03-22,2405.34,2415.75,2374.23,2377.69,16101913.0,50.91657565682654,57.86345847224245,2372.105,2333.8506,-5.077201002935551,-81501422.50830814,1.0,-34.54000000000042,0,2343.24
2024-03-25,2377.78,2381.01,2342.8,2343.24,14919609.0,46.022827104866366,32.896071894477366,2370.355,2336.3952000000004,-6.382618093174538,-96077423.65905434,1.0,41.659999999999854,1,2387.64
2024-03-26,2345.98,2396.21,2336.06,2387.64,19483070.0,52.3759494745397,65.07464849978254,2371.5171428571425,2339.9772,-4.09779676428362,-82146137.8618807,1.0,6.9699999999998,1,2394.81
2024-03-28,2392.63,2439.21,2392.63,2436.05,18007784.0,58.48881323811605,97.764572722128,2381.73,2349.415,1.9232702100157848,-59617349.865662895,1.0,-5.929999999999836,0,2434.77
2024-04-03,2439.87,2453.64,2417.97,2433.78,17761685.0,58.09545735709284,77.3516189609061,2386.949285714286,2358.6672,5.239511406421322,-76196929.81513993,1.0,31.269999999999982,1,2469.3
2024-04-04,2438.03,2471.53,2433.13,2469.3,16131103.0,62.52118355846537,97.56444545609756,2391.305714285714,2364.1278,7.821910638076389,-61939387.21566078,1.0,16.159999999999854,1,2470.75
2024-04-05,2454.59,2470.75,2437.36,2470.75,20946543.0,62.69439526900186,98.38957491606445,2395.4785714285717,2369.2756,9.028287248812036,-40992844.21566078,1.0,37.73000000000002,1,2507.13
2024-04-08,2469.4,2512.32,2469.4,2507.13,18559549.0,66.83573734445935,97.580081130228,2406.632857142857,2375.2946,11.51753298764315,-26921834.79208207,0.0,-36.31999999999971,0,2475.42
2024-04-09,2511.74,2529.12,2467.25,2475.42,25809982.0,60.52842123582976,76.78038656116235,2415.5292857142854,2380.3336,10.30877035096404,-45915345.062972575,1.0,10.950000000000273,1,2500.26
2024-04-09,2511.74,2529.12,2467.25,2475.42,25809982.0,60.52842123582976,76.78038656116235,2415.5292857142854,2380.3336,10.30877035096404,-45915345.062972575,1.0,10.950000000000273,1,2500.26
2024-04-11,2491.0,2507.54,2468.31,2468.31,29576577.0,57.55971792775663,68.50202009737907,2436.349285714285,2390.725,7.732892932353096,-67405631.86526288,1.0,-45.76000000000022,0,2446.16
2024-04-12,2491.92,2501.93,2444.82,2446.16,20022302.0,53.834735917068905,57.02890293173104,2438.950714285714,2394.051,4.016443496117844,-86488347.63938321,1.0,-12.349999999999909,0,2453.31
2024-04-15,2465.66,2475.35,2447.33,2453.31,19862472.0,54.850460223033146,60.73241479332852,2444.352142857143,2396.9958,1.7171961921458987,-97872762.3545866,1.0,-35.5,0,2392.5
2024-04-16,2428.0,2429.4,2383.85,2392.5,27963299.0,45.650962708202826,29.23443489070759,2447.8707142857143,2397.837,-3.914208198614809,-115215532.86501464,1.0,31.66000000000031,1,2432.32
2024-04-17,2400.66,2445.88,2398.15,2432.32,34556675.0,51.39924138355459,34.73570658036683,2451.062142857143,2399.889,-4.9080437909274295,-100293825.93541051,1.0,7.899999999999636,1,2460.99
2024-04-17,2400.66,2445.88,2398.15,2432.32,34556675.0,51.39924138355459,34.73570658036683,2451.062142857143,2399.889,-4.9080437909274295,-100293825.93541051,1.0,7.899999999999636,1,2460.99
2024-04-18,2453.09,2461.53,2417.94,2460.99,26962145.0,55.0828170114808,53.10112204859908,2455.789285714286,2402.4644,-3.643423127998183,-73999703.79845303,1.0,23.34999999999991,1,2464.04
2024-04-19,2440.69,2467.07,2436.48,2464.04,27420606.0,55.46948753412916,55.200660838438814,2457.788571428572,2404.799,-2.656243791399909,-52011228.310385376,1.0,29.090000000000146,1,2508.34
2024-04-22,2479.25,2511.82,2473.72,2508.34,26277242.901374,60.75408147219692,85.69560129414212,2463.043571428572,2408.588,0.74382387410623,-30534237.655561563,0.0,-2.7899999999999636,0,2492.3
2024-04-22,2479.25,2511.82,2473.72,2508.34,26277242.901374,60.75408147219692,85.69560129414212,2463.043571428572,2408.588,0.74382387410623,-30534237.655561563,0.0,-2.7899999999999636,0,2492.3
2024-04-23,2495.09,2518.21,2478.04,2492.3,21294020.0,58.0670721161027,74.65409237970695,2467.223571428572,2412.2462,1.6255528735591265,-36709874.52387104,0.0,-38.36000000000013,0,2469.17
2024-04-26,2474.36,2487.99,2466.0,2479.1,19628932.0,55.29055659952587,65.56756384663042,2463.5107142857146,2420.2928,-1.4841560460226866,-60670099.18420689,1.0,19.940000000000055,1,2507.84
2024-04-29,2487.9,2509.76,2459.86,2507.84,17339696.0,58.801923539397535,92.28192914557911,2465.826428571429,2423.5346000000004,0.5413248246954048,-44664760.551742,1.0,-36.05000000000018,0,2476.29
2024-04-30,2512.34,2512.34,2471.82,2476.29,19095347.0,53.80611410254934,68.80023816612085,2464.1142857142854,2425.6394,-0.4157720233088895,-59547067.02410152,1.0,-17.179999999999836,0,2470.52
2024-05-06,2493.56,2553.52,2479.34,2547.53,27151253.0,61.92683094706669,96.46961749278024,2471.512857142857,2429.778,2.560980570885029,-43920070.65538144,1.0,-11.390000000000327,0,2536.99
2024-05-07,2548.38,2566.37,2530.24,2536.99,32839442.0,60.22861247761014,83.90313390313383,2477.49,2432.2892,4.1420664212812,-64489031.974506855,0.0,7.919999999999618,1,2550.72
2024-05-08,2542.8,2550.72,2528.36,2550.72,22509893.0,61.70196217230759,90.69670669361544,2488.7914285714287,2434.3572,5.596531941195792,-41979138.974506855,1.0,1.9899999999997817,1,2565.64
2024-05-09,2563.65,2573.52,2554.78,2565.64,26366939.0,63.293303581844285,94.9350816300295,2498.3142857142857,2436.1336,6.958576196651162,-37786317.29787989,1.0,-51.779999999999745,0,2523.05
2024-05-10,2574.83,2577.09,2520.75,2523.05,33258808.0,56.124263690224176,62.59689922480623,2502.747142857143,2437.3136,4.505278134616852,-68329638.66671178,1.0,18.440000000000055,1,2547.1
2024-05-10,2574.83,2577.09,2520.75,2523.05,33258808.0,56.124263690224176,62.59689922480623,2502.747142857143,2437.3136,4.505278134616852,-68329638.66671178,1.0,18.440000000000055,1,2547.1
2024-05-13,2528.66,2552.38,2521.47,2547.1,23678342.0,58.9516860008948,79.24280177187138,2508.68,2439.099,4.031744038354876,-52740694.645359695,1.0,5.170000000000073,1,2557.21
2024-05-16,2566.15,2578.73,2554.26,2562.83,18911681.0,60.72774992734437,89.11853271283869,2523.3621428571428,2447.5102,2.9217156089517644,-15466305.061497066,1.0,15.61999999999989,1,2574.96
2024-05-17,2559.34,2576.62,2537.37,2574.96,21078390.0,62.28302793976848,96.82846807436697,2532.5071428571428,2451.0418,3.051798803231648,3829148.5104776137,0.0,7.610000000000127,1,2593.1
2024-05-20,2585.49,2600.53,2581.95,2593.1,24751625.0,64.54438154678584,94.718134641359,2540.6500000000005,2455.549,3.8572852210433295,8784802.170326546,0.0,-11.9699999999998,0,2567.52
2024-05-22,2562.52,2562.77,2542.01,2552.7,20968404.0,56.2302721211023,65.27515609118608,2550.370714285714,2463.8014000000003,-0.1166779984726389,2520762.2841850915,0.0,-6.010000000000218,0,2541.37
2024-05-23,2547.38,2568.16,2531.41,2541.37,33633368.0,54.02878924319589,51.1840910966249,2555.431428571429,2467.5958,-2.6012166568400445,-12881947.469284227,1.0,-0.3999999999996362,0,2528.8
2024-05-24,2529.2,2534.58,2512.71,2528.8,30180665.0,51.61440651289023,18.32156684126636,2554.093571428572,2470.764,-5.105738264173304,1345883.1731489487,0.0,-4.900000000000091,0,2530.08
2024-05-24,2529.2,2534.58,2512.71,2528.8,30180665.0,51.61440651289023,18.32156684126636,2554.093571428572,2470.764,-5.105738264173304,1345883.1731489487,1.0,-4.900000000000091,0,2530.08
2024-05-28,2537.0,2542.56,2495.34,2505.97,20351257.0,47.18297044364622,10.105523338720078,2550.4035714285715,2474.817,-8.977671836032549,-21527536.295746654,0.0,-39.40000000000009,0,2463.98
2024-05-29,2503.38,2503.75,2460.33,2463.98,26198686.0,40.3676080444305,2.6034236804565505,2543.1421428571425,2475.85,-12.913848640537545,-43321560.66976775,0.0,21.63000000000011,1,2485.53
2024-06-03,2511.05,2523.05,2495.69,2496.92,15139142.0,47.0064143826725,29.44501191692212,2536.877857142857,2481.4622,-12.65973140978717,-36424516.50378637,0.0,-61.5300000000002,0,2433.81
2024-06-04,2495.34,2495.34,2433.81,2433.81,18906960.0,37.87896877772352,0.0,2528.063571428572,2483.4236,-15.6210639778314,-55331476.50378637,1.0,-0.5300000000002001,0,2445.33
2024-06-05,2445.86,2448.51,2428.57,2445.33,15885316.0,40.16299435749102,9.746452663409956,2520.2071428571426,2485.5032,-16.032672084180696,-44512891.18382694,0.0,-1.1000000000003638,0,2462.49
2024-06-06,2463.59,2468.21,2437.6,2462.49,12455017.0,43.49567345663016,19.725517562223548,2513.04,2486.5582,-14.428111790538136,-36712738.42688495,0.0,-39.899999999999636,0,2428.84
2024-06-06,2463.59,2468.21,2437.6,2462.49,12455017.0,43.49567345663016,19.725517562223548,2513.04,2486.5582,-14.428111790538136,-36712738.42688495,1.0,-39.899999999999636,0,2428.84
2024-06-10,2420.26,2428.59,2401.51,2428.58,11347046.0,38.88412064279937,14.49143468950736,2490.8514285714286,2489.288,-14.364608764447947,-34199772.470765024,1.0,-33.590000000000146,0,2402.91
2024-06-11,2436.5,2439.66,2401.0,2402.91,13379914.0,35.57468760541168,1.1426178511604788,2479.093571428571,2489.5934,-14.916806375762867,-46257615.2995287,1.0,26.48999999999978,1,2442.89
2024-06-12,2416.4,2452.94,2410.48,2442.89,17335764.0,43.62267660047372,25.05982292414448,2471.25,2490.555,-11.869063945161503,-37128371.70461598,1.0,-39.36999999999989,0,2401.63
2024-06-13,2441.0,2441.78,2399.53,2401.63,13426391.0,38.30461826861429,1.4045883218513229,2461.268571428572,2489.8666,-11.88221154403506,-49220068.21467521,0.0,1.599999999999909,1,2413.73
2024-06-14,2412.13,2413.73,2383.98,2413.73,18117426.0,40.591938638564095,18.02374893977948,2453.049285714286,2489.4458,-10.380783990287282,-31102642.21467521,1.0,42.51999999999998,1,2458.79
2024-06-14,2412.13,2413.73,2383.98,2413.73,18117426.0,40.591938638564095,18.02374893977948,2453.049285714286,2489.4458,-10.380783990287282,-31102642.21467521,0.0,42.51999999999998,1,2458.79
2024-06-17,2416.27,2460.7,2415.78,2458.79,18303021.0,48.281641748646194,47.17492748139739,2447.957142857143,2489.946,-5.881667280471309,-14356111.424381249,1.0,-17.159999999999854,0,2455.11
2024-06-18,2472.27,2490.1,2453.56,2455.11,17879724.0,47.73817705206343,51.14690443661468,2444.324285714286,2489.6622,-2.8365756398891584,-30718945.867730822,1.0,26.58999999999969,1,2491.74
2024-06-19,2465.15,2498.88,2455.93,2491.74,13977375.0,53.3651366888596,77.48615804990267,2446.3071428571425,2490.0820000000003,1.7164876790220482,-21388763.300792705,1.0,-2.0399999999999636,0,2497.82
2024-06-20,2499.86,2518.87,2481.15,2497.82,16390808.0,54.24572370954187,81.85805709355002,2447.185,2489.8958,5.0224974766268,-23292043.763146754,1.0,-9.360000000000127,0,2489.91
2024-06-21,2499.27,2514.01,2480.38,2489.91,37196476.0,52.84760367580208,78.53065460745788,2446.684285714286,2490.1856,6.469315385500003,-39407198.54518724,0.0,45.86999999999989,1,2542.42
2024-06-24,2496.55,2549.05,2490.46,2542.42,13966096.0,60.18405723522536,95.98352214212146,2454.442142857143,2491.0288,10.516101621004005,-28601888.224654764,1.0,7.7400000000002365,1,2547.21
2024-06-26,2560.73,2573.14,2540.75,2541.43,27003141.0,59.61714663027917,83.23641361810104,2467.357857142857,2494.5122,13.441031791276442,-53416404.58102145,0.0,1.6900000000000546,1,2547.78
2024-06-27,2546.09,2565.79,2537.38,2547.78,18745032.0,60.513571261688405,86.59336011841843,2475.8535714285717,2496.4016,13.51786503161735,-58437513.11745209,1.0,6.199999999999818,1,2561.27
2024-06-28,2555.07,2572.87,2552.78,2561.27,18416678.0,62.42198913233864,93.72488898287168,2485.3314285714287,2499.777,13.73146964815086,-61288477.20804459,0.0,-20.940000000000055,0,2553.09
2024-07-04,2557.02,2558.29,2534.71,2549.11,8062372.0,58.50038946104132,82.1149227073967,2521.9828571428566,2505.9488,7.054300721549135,-84235390.821358,0.0,-33.220000000000255,0,2518.89
2024-07-10,2549.76,2549.76,2517.54,2521.39,13004491.0,51.43019206172149,41.94538201902401,2537.702142857143,2510.6694,0.3846411460804741,-85247036.2813831,1.0,18.240000000000236,1,2547.69
2024-07-16,2561.68,2561.68,2485.65,2485.93,18003508.0,43.98588923692077,0.3027027027024274,2541.180714285714,2514.0192,-2.6121310896990337,-73911601.53555849,1.0,-34.94999999999982,0,2454.63
2024-07-17,2489.58,2506.29,2426.37,2454.63,19039624.0,39.74797239660005,18.61905389379377,2534.5271428571427,2512.372,-7.838372463052133,-79486266.22024308,1.0,28.990000000000236,1,2496.44
2024-07-17,2489.58,2506.29,2426.37,2454.63,19039624.0,39.74797239660005,18.61905389379377,2534.5271428571427,2512.372,-7.838372463052133,-79486266.22024308,1.0,28.990000000000236,1,2496.44
2024-07-18,2467.45,2503.98,2446.52,2496.44,18528711.0,47.082303302004405,46.16550270127821,2529.8964285714287,2511.2864,-8.148288599538883,-65820293.853727214,1.0,-7.2599999999997635,0,2476.38
2024-07-19,2483.64,2489.33,2457.37,2476.38,11016825.0,44.29623902130482,33.65636987684243,2524.4171428571426,2509.5012,-9.29032826906923,-63731371.46636788,1.0,-6.449999999999818,0,2481.28
2024-07-22,2487.73,2497.79,2471.19,2481.28,9506452.0,45.15004567826502,36.95403459183004,2521.048571428571,2508.6658,-9.27999581533746,-66025785.82125497,1.0,-38.51000000000022,0,2445.06
2024-07-24,2430.5,2455.16,2424.18,2431.72,11834210.0,38.57626179728559,5.000663217933382,2505.622142857143,2504.1152,-12.61742098829158,-78392846.31047238,1.0,16.93000000000029,1,2415.63
2024-07-26,2417.66,2428.54,2398.97,2407.15,9161935.0,35.58059847209435,13.218182758442344,2488.8,2498.2078,-14.483348194290109,-66619163.846205205,0.0,-6.550000000000182,0,2419.12
2024-08-01,2426.28,2426.28,2373.86,2374.62,11818914.0,35.84892511704028,0.3877551020406957,2447.434285714286,2484.4422,-11.58861009564626,-81749546.59334768,0.0,-10.059999999999945,0,2339.16
2024-08-05,2261.66,2273.65,2219.4,2266.27,28704923.0,26.430598475632067,16.337272125204752,2415.2657142857142,2475.1474,-18.23789572781608,-64284815.82251552,1.0,-53.83999999999969,0,2237.76
2024-08-06,2291.6,2297.67,2215.98,2237.76,23107520.0,24.558513509932222,7.562500000000069,2399.775,2469.301,-21.89591212295855,-75070588.1030883,1.0,-5.75,0,2236.35
2024-08-07,2242.1,2248.13,2222.76,2236.35,16372780.0,24.466215585381804,7.228274369255844,2381.197142857143,2463.9086,-22.82887940831781,-73902486.73138978,0.0,30.909999999999854,1,2264.1
2024-08-08,2233.19,2266.13,2193.1,2264.1,17357336.0,30.039025951211613,23.30237290360694,2366.034285714285,2459.911,-20.091976306983284,-57510107.381533645,1.0,-22.670000000000073,0,2258.52
2024-08-09,2281.19,2292.41,2250.0,2258.52,13422112.0,29.56664651390983,22.522119323854447,2350.1228571428574,2455.3708,-17.279591584413367,-65539321.75172935,1.0,60.820000000000164,1,2335.65
2024-08-12,2274.83,2336.36,2274.83,2335.65,12609558.0,42.92679327260056,54.395939861100594,2342.307857142857,2452.1454,-9.249583639495768,-53220769.31584442,0.0,-18.009999999999764,0,2330.32
2024-08-13,2348.33,2353.79,2321.26,2330.32,16396057.0,42.32925999154993,56.45519624784016,2335.065,2450.0756,-3.611539712693592,-60483824.38408911,1.0,-6.950000000000273,0,2344.14
2024-08-16,2385.05,2421.06,2383.77,2421.06,17718937.0,54.65590370873978,93.78754217065747,2330.952142857143,2447.2232,9.93945123657634,-44056729.88085308,1.0,9.400000000000091,1,2426.89
2024-08-19,2417.49,2437.46,2409.25,2426.89,13036574.0,55.32389314723281,95.6744147978392,2331.5071428571428,2447.1842,15.54644090551536,-40789499.17613858,1.0,-46.74000000000024,0,2383.43
2024-08-21,2388.3,2405.75,2383.46,2401.57,12264113.0,51.76594871925351,85.31265346210515,2329.9885714285715,2446.2544,16.78416746287983,-40630478.88703662,1.0,-13.879999999999654,0,2400.05
2024-08-22,2413.93,2419.89,2394.92,2400.05,19695520.0,51.55482703566295,84.69062039613692,2331.805,2445.3976,16.707039417937978,-52233246.17578288,1.0,-16.01000000000022,0,2401.25
2024-08-23,2417.26,2417.26,2394.2,2401.25,14349646.0,51.72222810298287,85.18169913242755,2336.24,2445.39,16.15401390224563,-57808824.15323294,1.0,-10.13000000000011,0,2395.38
2024-08-27,2401.19,2401.63,2367.51,2396.22,11679725.0,50.93273322515907,83.12326076280888,2356.780714285714,2443.7716,13.52177106571899,-51988331.40851435,0.0,-8.0,0,2383.94
2024-08-28,2391.94,2396.28,2367.96,2383.94,13752732.0,48.820920169974485,78.09788836143397,2367.3228571428576,2442.3482,11.39378301250989,-50220678.00173476,1.0,18.83999999999969,1,2403.14
